{
  "categories": [
    {
      "title": "KLIA1",
      "contents": [
        {
          "iptv": "謝和弦-這是最後一次.mp4"
        },
        {
          "iptv": "方泂鑌-一千個晚安.mp4"
        },
        {
          "iptv": "GME-突然之間意外.mp4"
        },
        {
          "iptv": "GME-倒數.mp4"
        }
      ]
    },
    {
      "title": "KLIA2",
      "contents": [
        {
          "iptv": "http://192.168.6.2/kliaFlight_info"
        },
        {
          "iptv": "http://192.168.6.3/kliaFlight_info"
        },
        {
          "iptv": "http://192.168.6.4/kliaFlight_info"
        },
        {
          "iptv": "http://192.168.6.5/kliaFlight_info"
        }
      ]
    }
  ]
}