{
  "home": {
    "stage_type": {
      "type": 1,
      "description": "1 with \"Weather Information\", 2 with \"Promo Banner\""
    },
    "icons": [
      {
        "name": "live_tv_channel",
        "enable": 1
      },
      {
        "name": "vod_movies",
        "enable": 1
      },
      {
        "name": "smart_apps",
        "enable": 0
      },
      {
        "name": "room_service",
        "enable": 1
      },
      {
        "name": "hotel_facilities",
        "enable": 1
      },
      {
        "name": "nearby_me",
        "enable": 1
      },
      {
        "name": "tourist_info",
        "enable": 1
      },
      {
        "name": "flight_info",
        "enable": 0
      },
      {
        "name": "weather_forecast",
        "enable": 1
      },
      {
        "name": "guest",
        "enable": 1
      },
      {
        "name": "settings",
        "enable": 1
      }
    ],
    "promo_banner": [
      {
        "image": "banner1.jpg"
      },
      {
        "image": "banner2.jpg"
      },
      {
        "image": "banner3.jpg"
      }
    ],
    "weather":{
      "wifi_id_title":"WIFI ID",
      "wifi_id":"HOTEL 123",
      "wifi_password_title":"WIFI PASSWORD",
      "wifi_password":"hotel123",
      "weather_title":"TODAY WEATHER",
      "weather_type":"5",
      "weather_value":"25°C"
    }
  }
}