{
  "home": {
    "stage_type": {
      "type": 1,
      "description": "1 with \"Weather Information\", 2 with \"Promo Banner\""
    },
    "icons": [
      {
        "id": 0,
        "name": "線上電視",
        "backTitle":"電視",
        "enable": 1
      },
      {
        "id": 1,
        "name": "隨選視訊",
        "backTitle":"VOD",
        "enable": 1
      },
      {
        "id": 2,
        "name": "智慧軟體",
        "backTitle":"軟體",
        "enable": 0
      },
      {
        "id": 3,
        "name": "客房服務",
        "backTitle":"服務",
        "enable": 1
      },
      {
        "id": 4,
        "name": "旅館設施",
        "backTitle":"設施",
        "enable": 1
      },
      {
        "id": 5,
        "name": "周招附近",
        "backTitle":"附近",
        "enable": 1
      },
      {
        "id": 6,
        "name": "旅遊資訊",
        "backTitle":"旅遊",
        "enable": 1
      },
      {
        "id": 7,
        "name": "航班資訊",
        "backTitle":"航班",
        "enable": 0
      },
      {
        "id": 8,
        "name": "天氣資訊",
        "backTitle":"天氣",
        "enable": 1
      },
      {
        "id": 9,
        "name": "旅客服務",
        "backTitle":"旅客",
        "enable": 1
      },
      {
        "id": 10,
        "name": "設定",
        "backTitle":"設定",
        "enable": 1
      }
    ],
    "promo_banner": [
      {
        "image": "banner1.jpg"
      },
      {
        "image": "banner2.jpg"
      },
      {
        "image": "banner3.jpg"
      }
    ],
    "weather": {
      "wifi_id_title": "WIFI ID",
      "wifi_id": "HOTEL 123",
      "wifi_password_title": "WIFI PASSWORD",
      "wifi_password": "hotel123",
      "weather_title": "TODAY WEATHER",
      "weather_type": "5",
      "weather_value": "25°C"
    }
  }
}