{
  "home": {
    "stage_type": {
      "type": 1,
      "description": "1 with \"Weather Information\", 2 with \"Promo Banner\""
    },
    "icons": [
      {
        "id": 0,
        "name": "LIVE TV\nChannels",
        "enable": 1
      },
      {
        "id": 1,
        "name": "VOD\nMovies",
        "enable": 1
      },
      {
        "id": 2,
        "name": "Smart\nApps",
        "enable": 0
      },
      {
        "id": 3,
        "name": "Room\nService",
        "enable": 1
      },
      {
        "id": 4,
        "name": "Hotel\nFacilities",
        "enable": 1
      },
      {
        "id": 5,
        "name": "NearBy\nMe",
        "enable": 1
      },
      {
        "id": 6,
        "name": "Tourist\nInfo",
        "enable": 1
      },
      {
        "id": 7,
        "name": "Flight\nInfo",
        "enable": 0
      },
      {
        "id": 8,
        "name": "Weather\nForecast",
        "enable": 1
      },
      {
        "id": 9,
        "name": "Guest\nServices",
        "enable": 1
      },
      {
        "id": 10,
        "name": "Setting",
        "enable": 1
      }
    ],
    "promo_banner": [
      {
        "image": "banner1.jpg"
      },
      {
        "image": "banner2.jpg"
      },
      {
        "image": "banner3.jpg"
      }
    ],
    "weather": {
      "wifi_id_title": "WIFI ID",
      "wifi_id": "HOTEL 123",
      "wifi_password_title": "WIFI PASSWORD",
      "wifi_password": "hotel123",
      "weather_title": "TODAY WEATHER",
      "weather_type": "5",
      "weather_value": "25°C"
    }
  }
}