{
  "categories": [
    {
      "title": "房子促銷",
      "content_type": 1,
      "description": "content type 1 with image/video",
      "total": 4,
      "contents": [
        {
          "title": "奧迪",
          "file_type": "image",
          "file_name": "audi.jpeg"
        },
        {
          "title": "寶馬",
          "file_type": "image",
          "file_name": "bmw.jpg"
        },
        {
          "title": "賓士",
          "file_type": "image",
          "file_name": "benz.jpg"
        },
        {
          "title": "特斯拉",
          "file_type": "image",
          "file_name": "tesla.jpg"
        }
      ]
    },
    {
      "title": "房間",
      "content_type": 2,
      "description": "content type 2 with video/image & title & contents",
      "total": 5,
      "contents": [
        {
          "title": "MY ROOM",
          "file_type": "image",
          "content": "If minimalist, comfortable simplicity makes you happy, then MY Rooms are the place to be. These offer a selection of Queen-size or Two Single beds within spaces measuring 18 square metres, great for single travelers or couples looking for a fuss-free experience.",
          "file_name": "my_room.png"
        },
        {
          "title": "OUR ROOM",
          "file_type": "image",
          "content": "Travelling with your loved ones? OUR Rooms selection of Queen-size and Two Single beds in a 22 - 25 square-metre space, making it ideal for a happy family getaway.",
          "file_name": "our_room.png"
        },
        {
          "title": "OUR BIG ROOM",
          "file_type": "image",
          "content": "So you like things big? Well, look no further because OUR BIG Rooms are between 25 - 30 square metres each, and come with a Queen Beds. It’s perfect for keeping larger groups and families happy!",
          "file_name": "our_big_room.png"
        },
        {
          "title": "OUR FAMILY ROOM",
          "file_type": "image",
          "content": "So you like things big? Well, look no further because OUR FAMILY rooms are 48 square metres each, and come with 2 King-size bed. It’s perfect for keeping larger groups and families happy!",
          "file_name": "our_family_room.png"
        }
      ]
    },
    {
      "title": "游泳池",
      "content_type": 3,
      "description": "content type 3 with image and content",
      "total": 4,
      "contents": [
        {
          "file_type": "image",
          "content": "WINE & CIGAR LOUNGE\nOur wine and cigar lounge, with its walk-in wine chiller, is perfect for casual meetings or a leisure after spent relaxing with your favourite tipple.\nSECOND FLOOR\nOpening Hours : 7.00am - 11.00pm\nDEALS & OFFERS",
          "file_name": "wine.png"
        },
        {
          "file_type": "image",
          "content": "THE STAGE\nThe Stage is an experiential gallery space aimed at providing local talent with an avenue to showcase their creative endeavours to the world at large.\nCONTACT US FOR ENQUIRY",
          "file_name": "stage.png"
        }
      ]
    },
    {
      "title": "健身中心",
      "content_type": 2,
      "description": "content type 2 with video/image & title & contents",
      "total": 4,
      "contents": [
        {
          "title": "HEARTWORK",
          "file_type": "image",
          "content": "Need a pick-me-up before painting the town red? Get that body moving at our workout area. There’s nothing quite like a boost of mood-lifting endorphins to brighten your day.\nTHIRD FLOOR\nOpening Hours : 7.00am - 10.00pm",
          "file_name": "heartwork.png"
        }
      ]
    },
    {
      "title": "會議室",
      "content_type": 2,
      "description": "content type 2 with video/image & title & contents",
      "total": 5,
      "contents": [
        {
          "title": "CLASSROOM",
          "file_type": "image",
          "content": "Mixing business with pleasure? Well put your game face on and take the lead at our well-equipped meeting room. But remember, all work and no play makes Jack a dull boy, so don’t forget to let loose after.\nTHIRD FLOOR\nOpening Hours : 7.00am - 10.00pm",
          "file_name": "classroom.png"
        },
        {
          "title": "Microsoft",
          "file_type": "image",
          "content": "微軟是美國一家跨國電腦科技公司，以研發、製造、授權和提供廣泛的電腦軟體服務為主。總部位於美國華盛頓州的雷德蒙德，最為著名和暢銷的產品為Microsoft Windows作業系統和Microsoft Office辦公室軟體，以及Xbox的遊戲業務",
          "file_name": "extra_pillows.mpg"
        },
        {
          "title": "Extra Pillows 3",
          "file_type": "image",
          "content": "LG電子／樂金電子，是LG集團的一部分，負責生產電子產品，其業務可分為四個部門——家庭娛樂，移動通訊，家電與空調解決方案、車輛部件。2011年成為全球第二大電視製造商。 ",
          "file_name": "sample4.png"
        },
        {
          "title": "Extra Pillows 4",
          "file_type": "image",
          "content": "大同股份有限公司創立於民國七年，是臺灣一間以電子工業為業務核心之綜合企業，事業版圖橫跨半導體、通路、營造，及貿易等領域，為台灣首批上市企業之一。集團總部位於台北。 ",
          "file_name": "sample2.png"
        },
        {
          "title": "Extra Pillows 5",
          "file_type": "image",
          "content": "東元電機股份有限公司是台灣的家電及重電製造商，總部位於台北市南港區，創辦人是林長城、林和引、偕林波士、錢水木及孫炳輝等五人，現任董事長為邱純枝。 2006年11月時營收為馬達及電控等重電業務貢獻超過七成、家電佔二成。",
          "file_name": "sample3.png"
        }
      ]
    },
    {
      "title": "門房",
      "content_type": 3,
      "description": "content type 3 with image and content",
      "total": 4,
      "contents": [
        {
          "file_type": "image",
          "content": "Please call the operator \"0\" to order the items. fried chicken",
          "file_name": "fried_chicken.png"
        },
        {
          "file_type": "image",
          "content": "Please call the operator \"0\" to order the items. Pasta",
          "file_name": "pasta.mpg"
        },
        {
          "file_type": "image",
          "content": "Please call the operator \"0\" to order the items. Pasta",
          "file_name": "pasta.mpg"
        },
        {
          "file_type": "image",
          "content": "Please call the operator \"0\" to order the items. Pasta",
          "file_name": "pasta.mpg"
        }
      ]
    }
  ]
}