{
  "categories": [
    {
      "title": "House Promo",
      "content_type": 1,
      "description": "content type 1 with image/video",
      "total": 4,
      "contents": [
        {
          "title": "Audi",
          "file_type": "image",
          "file_name": "audi.jpeg"
        },
        {
          "title": "BMW",
          "file_type": "image",
          "file_name": "bmw.jpg"
        },
        {
          "title": "BENZ",
          "file_type": "image",
          "file_name": "benz.jpg"
        },
        {
          "title": "Tesla",
          "file_type": "image",
          "file_name": "tesla.jpg"
        }
      ]
    },
    {
      "title": "Rooms",
      "content_type": 2,
      "description": "content type 2 with video/image & title & contents",
      "total": 5,
      "contents": [
        {
          "title": "MY ROOM",
          "file_type": "image",
          "content": "If minimalist, comfortable simplicity makes you happy, then MY Rooms are the place to be. These offer a selection of Queen-size or Two Single beds within spaces measuring 18 square metres, great for single travelers or couples looking for a fuss-free experience.",
          "file_name": "my_room.png"
        },
        {
          "title": "OUR ROOM",
          "file_type": "image",
          "content": "Travelling with your loved ones? OUR Rooms selection of Queen-size and Two Single beds in a 22 - 25 square-metre space, making it ideal for a happy family getaway.",
          "file_name": "our_room.png"
        },
        {
          "title": "OUR BIG ROOM",
          "file_type": "image",
          "content": "So you like things big? Well, look no further because OUR BIG Rooms are between 25 - 30 square metres each, and come with a Queen Beds. It’s perfect for keeping larger groups and families happy!",
          "file_name": "our_big_room.png"
        },
        {
          "title": "OUR FAMILY ROOM",
          "file_type": "image",
          "content": "So you like things big? Well, look no further because OUR FAMILY rooms are 48 square metres each, and come with 2 King-size bed. It’s perfect for keeping larger groups and families happy!",
          "file_name": "our_family_room.png"
        }
      ]
    },
    {
      "title": "Swimming Pool",
      "content_type": 3,
      "description": "content type 3 with image and content",
      "total": 4,
      "contents": [
        {
          "file_type": "image",
          "content": "WINE & CIGAR LOUNGE\nOur wine and cigar lounge, with its walk-in wine chiller, is perfect for casual meetings or a leisure after spent relaxing with your favourite tipple.\nSECOND FLOOR\nOpening Hours : 7.00am - 11.00pm\nDEALS & OFFERS",
          "file_name": "wine.png"
        },
        {
          "file_type": "image",
          "content": "THE STAGE\nThe Stage is an experiential gallery space aimed at providing local talent with an avenue to showcase their creative endeavours to the world at large.\nCONTACT US FOR ENQUIRY",
          "file_name": "stage.png"
        }
      ]
    },
    {
      "title": "Fitness Center",
      "content_type": 2,
      "description": "content type 2 with video/image & title & contents",
      "total": 4,
      "contents": [
        {
          "title": "HEARTWORK",
          "file_type": "image",
          "content": "Need a pick-me-up before painting the town red? Get that body moving at our workout area. There’s nothing quite like a boost of mood-lifting endorphins to brighten your day.\nTHIRD FLOOR\nOpening Hours : 7.00am - 10.00pm",
          "file_name": "heartwork.png"
        }
      ]
    },
    {
      "title": "Business Center",
      "content_type": 2,
      "description": "content type 2 with video/image & title & contents",
      "total": 5,
      "contents": [
        {
          "title": "CLASSROOM",
          "file_type": "image",
          "content": "Mixing business with pleasure? Well put your game face on and take the lead at our well-equipped meeting room. But remember, all work and no play makes Jack a dull boy, so don’t forget to let loose after.\nTHIRD FLOOR\nOpening Hours : 7.00am - 10.00pm",
          "file_name": "classroom.png"
        },
        {
          "title": "Microsoft",
          "file_type": "image",
          "content": "Microsoft is a multinational computer technology company in the United States that develops, manufactures, licenses and provides a wide range of computer software services. Headquartered in Redmond, Washington, USA, the most famous and best-selling products are Microsoft Windows operating systems and Microsoft Office office software, as well as Xbox's gaming business.",
          "file_name": "extra_pillows.mpg"
        },
        {
          "title": "Extra Pillows 3",
          "file_type": "image",
          "content": "LG Electronics / LG Electronics, part of the LG Group, is responsible for the production of electronic products, and its business can be divided into four divisions - home entertainment, mobile communications, home appliances and air conditioning solutions, vehicle parts. In 2011, it became the second largest TV manufacturer in the world. ",
          "file_name": "sample4.png"
        },
        {
          "title": "Extra Pillows 4",
          "file_type": "image",
          "content": "Founded in the 7th year of the Republic of China, Datong Co., Ltd. is a comprehensive enterprise in Taiwan with an electronic industry as its core business. It is one of the first listed companies in Taiwan to cross the semiconductor, channel, construction, and trade sectors. The group is headquartered in Taipei. ",
          "file_name": "sample2.png"
        },
        {
          "title": "Extra Pillows 5",
          "file_type": "image",
          "content": "TECO Electric Co., Ltd. is a Taiwanese manufacturer of home appliances and heavy electric power. It is headquartered in Nangang District, Taipei. The founders are Lin Changcheng, Lin Heyin, Yulin Boss, Qian Shuimu and Sun Binghui. The current chairman is Qiu. Pure branches. In November 2006, revenues contributed more than 70% to the heavy-duty business such as motors and electronic controls, and household appliances accounted for 20%.",
          "file_name": "sample3.png"
        }
      ]
    },
    {
      "title": "Concierge",
      "content_type": 3,
      "description": "content type 3 with image and content",
      "total": 4,
      "contents": [
        {
          "file_type": "image",
          "content": "Please call the operator \"0\" to order the items. fried chicken",
          "file_name": "fried_chicken.png"
        },
        {
          "file_type": "image",
          "content": "Please call the operator \"0\" to order the items. Pasta",
          "file_name": "pasta.mpg"
        },
        {
          "file_type": "image",
          "content": "Please call the operator \"0\" to order the items. Pasta",
          "file_name": "pasta.mpg"
        },
        {
          "file_type": "image",
          "content": "Please call the operator \"0\" to order the items. Pasta",
          "file_name": "pasta.mpg"
        }
      ]
    }
  ]
}