{
  "categories": [
    {
      "title": "Food & Beverage",
      "category_id":"1",
      "total": 4,
      "contents": [
        {
          "title": "Macaron 馬卡龍",
          "file_type": "image",
          "content": "是法國第一名甜點，可以說是近年來引發熱烈風潮，被稱為「少女的酥胸」。用蛋白、杏仁粉、白砂糖和糖霜所做的法式甜點，通常在兩塊餅乾之間夾有水果醬或奶油等內餡。\n如今最知名的馬卡龍非 Ladurée 莫屬，在巴黎就有好幾家分店，凡爾賽宮、春天百貨也都設有專櫃。分店更開到日本、香港，成為到那旅遊的另一個必買伴手禮。2013 年 9 月也進駐微風廣場 Breeze Center 復興店一樓，喜歡 Ladurée 的朋友也可以在台灣買到囉！ 不過相信還是去法國當地吃，更有一番甜蜜的滋味。",
          "file_name": "macaron.jpg"
        },
        {
          "title": "Ispahan 伊斯巴翁",
          "file_type": "image",
          "content": "從馬卡龍延伸出來的另一個知名甜點，就是 Ispahan 。\n法國傳奇甜點大師 Pierre Hermé ，利用玫瑰、覆盆子、荔枝及卡士達奶油起士醬， 夾在兩片粉紅色的 macaron 之間，兼具美味與視覺的美好享受。可以在 Ladurée 吃得到。 但當然不能錯過創始店 Pierre Hermé ，美國 Vogue 雜誌還稱之為甜點界畢卡索。",
          "file_name": "ispahan.jpg"
        },
        {
          "title": "Montblanc 蒙布朗",
          "file_type": "image",
          "content": "蒙布朗就是栗子蛋糕，但它的蛋糕體不是海綿蛋糕或派皮，而是蛋白霜。再擠上一條條栗子奶油，最後灑上糖粉。\n蒙布朗是以白朗峰命名，外型也就跟白朗峰一樣像一座山峰。白朗峰山頂長年積雪，秋冬因樹木枯萎而呈現褐色，栗子產季是秋天，白朗峰也正好在秋天變褐色，所以最正宗的蒙布朗 (mont-blanc) 就是褐色的栗子蒙布朗。\n到巴黎推薦要試試 La Maison Angelina 的蒙布朗，就位於杜樂麗花園對面，聽說這也是香奈兒女士最愛的下午茶餐廳之一唷！",
          "file_name": "montblanc.jpg"
        },
        {
          "title": "Tarte au Citron 檸檬塔",
          "file_type": "image",
          "content": "就是檸檬派，在派皮裡擠上檸檬餡（奶油、檸檬皮、砂糖、蛋…）用抹刀抹平，再放進冰箱冷藏，上桌之前灑上一些檸檬皮作為裝飾。\nJacques Genin 的檸檬塔據說是巴黎最好吃的之一！對料理有興趣的朋友可以去買他的書「Le Meilleur de la Tarte Citron」。裡面有各式各樣口味的檸檬塔製作方法喲！（例：迷迭香、羅勒、萊姆、薑餅…）",
          "file_name": "tartecitron.jpg"
        }
      ]
    },
    {
      "title": "Shopping",
      "category_id":"2",
      "total": 5,
      "contents": [
        {
          "title": "單車喜客",
          "file_type": "image",
          "content": "Oakley功能性眼鏡、美國Trek自行車、法國Look自行車、義大利sidi車鞋、Casttelli車衣等代理商品，喜客有好產品、好視覺、好美學的元素，由專業品牌、貼心服務和自有風格來與消費者分享休閒運動的生活型態。\n運動&戶外\n1F / IN MALL-室內區\n02-26069586\nhttp://www.biker.com.tw",
          "file_name": "oakley.png"
        },
        {
          "title": "Uniqlo",
          "file_type": "image",
          "content": "我們製作服裝，只為讓你盡情活出精彩生活。精益求精的完美單品，簡約設計，低調藏著貼心的細節。精緻合身的剪裁與質感，簡約，更顯不凡。 男、女、童裝、嬰幼兒系列 販售中\n男/女裝\n1F / IN MALL-室內區\n02-26069490",
          "file_name": "uniqlo.png"
        },
        {
          "title": "G-Shock Outlet",
          "file_type": "image",
          "content": "走過30個年頭的G-SHOCK秉持絕對強悍的品牌精神，首度在台開設G-SHOCK Outlet店鋪，店內除販售G-SHOCK與BABY-G外，更販售CASIO旗下4大品牌：EDIFICE、SHEEN、PRO TREK與OCEANUS，提供顧客在舒適的環境內選購品項完整且功能優異的腕錶。\n手錶&飾品\n1F / IN MALL-室內區\n02-26069209",
          "file_name": "gshock.png"
        },
        {
          "title": "Fossil",
          "file_type": "image",
          "content": "Fossil始於1984年，至今全球25個國家達400多個店舖，傳遞精緻作工的腕錶設計及皮革製品。身為流行腕錶的原創開發品牌，2015年起再創高峰，廣大的產品線包括智能活動手環觸控式螢幕腕錶及Hybrid智慧型腕錶。結合時尚元素與科技功能，為消費者帶來多樣化且最創新的生活選項更時時刻刻接軌時尚前沿。\n手錶&飾品\n1F / IN MALL-室內區\n02-26087632",
          "file_name": "fossil.png"
        }
      ]
    }
  ]
}