{
  "categories": [
    {
      "title": "Food & Beverage",
      "category_id":"1",
      "total": 4,
      "contents": [
        {
          "title": "Macaron",
          "file_type": "image",
          "content": "Desserts are one of Betty Crocker's claims to fame, and with kitchen-tested recipes for everything from layer cakes to apple pies—including both scratch desserts ...",
          "file_name": "macaron.jpg"
        },
        {
          "title": "Ispahan",
          "file_type": "image",
          "content": "Desserts are one of Betty Crocker's claims to fame, and with kitchen-tested recipes for everything from layer cakes to apple pies—including both scratch desserts ...",
          "file_name": "ispahan.jpg"
        },
        {
          "title": "Montblanc",
          "file_type": "image",
          "content": "Desserts are one of Betty Crocker's claims to fame, and with kitchen-tested recipes for everything from layer cakes to apple pies—including both scratch desserts ...",
          "file_name": "montblanc.jpg"
        },
        {
          "title": "Tarte au Citron",
          "file_type": "image",
          "content": "Desserts are one of Betty Crocker's claims to fame, and with kitchen-tested recipes for everything from layer cakes to apple pies—including both scratch desserts ...",
          "file_name": "tartecitron.jpg"
        }
      ]
    },
    {
      "title": "Shopping",
      "category_id":"2",
      "total": 5,
      "contents": [
        {
          "title": "單車喜客",
          "file_type": "image",
          "content": "Oakley functional glasses, American Trek bicycles, French Look bicycles, Italian sidi shoes, Casttelli clothing and other agent products, hikers have good products, good vision, good aesthetic elements, by professional brands, caring service and own style To share the lifestyle of leisure sports with consumers. \n运动 & Outdoors\n1F / IN MALL- Indoor Area\n02-26069586\nhttp://www.biker.com.tw",
          "file_name": "oakley.png"
        },
        {
          "title": "Uniqlo",
          "file_type": "image",
          "content": "We make clothing, just to let you live a wonderful life. The perfect piece of excellence, simple design, low-key hidden intimate details. Exquisite fit and texture, simple and more remarkable. Men's, Women's, Children's Wear, Infants and Children's Collections @n男/women's clothing\n1F / IN MALL-indoor area\n02-26069490",
          "file_name": "uniqlo.png"
        },
        {
          "title": "G-Shock Outlet",
          "file_type": "image",
          "content": "G-SHOCK, which has been through 30 years, adheres to the brand spirit of absolute power, and opened the G-SHOCK Outlet store in Taiwan for the first time. In addition to selling G-SHOCK and BABY-G, the store also sells four brands of CASIO: EDIFICE, SHEEN, PRO TREK and OCEANUS provide customers with a complete and functional watch in a comfortable environment. \nwatches & accessories\n1F / IN MALL-indoor area\n02-26069209",
          "file_name": "gshock.png"
        },
        {
          "title": "Fossil",
          "file_type": "image",
          "content": "Fossil began in 1984 and has more than 400 stores in 25 countries around the world, delivering fine watch designs and leather goods. As an original development brand of popular watches, it has reached a peak since 2015. The broad product line includes smart activity bracelet touch screen watches and Hybrid smart watches. Combining fashion elements with technological capabilities, the diversified and innovative lifestyle options for consumers are always on the cutting edge of fashion. \nwatches & accessories\n1F / IN MALL-indoor area\n02-26087632",
          "file_name": "fossil.png"
        }
      ]
    }
  ]
}