{
  "categories": [
    {
      "title": "House Keeping",
      "content_type": 1,
      "_description": "content type 1 with video/image & title & contents",
      "total": 4,
      "contents": [
        {
          "title": "Vacuum",
          "file_type": "image",
          "content": "A spelling difference is the only difference. look c & u are fighting to get an extra seat in the word. Ultimately U wins gets it. Vacuum is a space where matter does ...",
          "file_name": "vacuum.jpg"
        },
        {
          "title": "Bed",
          "file_type": "image",
          "content": "A bed is a piece of furniture which is used as a place to sleep or relax. Most modern beds consist of a soft, cushioned mattress on a bed frame, the mattress ...",
          "file_name": "bed.jpg"
        },
        {
          "title": "Clear",
          "file_type": "video",
          "content": "A bed is a piece of furniture which is used as a place to sleep or relax. Most modern beds consist of a soft, cushioned mattress on a bed frame, the mattress ...",
          "file_name": "方泂鑌-一千個晚安.mp4"
        },
        {
          "title": "Beauty",
          "file_type": "video",
          "content": "A bed is a piece of furniture which is used as a place to sleep or relax. Most modern beds consist of a soft, cushioned mattress on a bed frame, the mattress ...",
          "file_name": "GME-倒數.mp4"
        }
      ]
    },
    {
      "title": "Food & Beverage",
      "content_type": 2,
      "_description": "content type 2 with image and content",
      "total": 14,
      "bottomNote":"Please call the operator “0” to order the items.",
      "contents": [
        {
          "title": "Fried chicken",
          "type": "cake",
          "price": "100.30",
          "content": "Learn a skill for life with our foolproof crêpe recipe that ensures perfect pancakes every time - elaborate flip optional.",
          "image": "fried_chicken.jpg"
        },
        {
          "title": "cat",
          "type": "cake",
          "price": "100.30",
          "content": "Learn a skill for life with our foolproof crêpe recipe that ensures perfect pancakes every time - elaborate flip optional.",
          "image": "cat.jpg"
        },
        {
          "title": "Car",
          "type": "cake",
          "price": "100.30",
          "content": "Learn a skill for life with our foolproof crêpe recipe that ensures perfect pancakes every time - elaborate flip optional.",
          "image": "car.jpg"
        },
        {
          "title": "Fly",
          "type": "cake",
          "price": "100.30",
          "content": "Learn a skill for life with our foolproof crêpe recipe that ensures perfect pancakes every time - elaborate flip optional.",
          "image": "fly.jpg"
        },
        {
          "title": "Flower",
          "type": "cake",
          "price": "100.30",
          "content": "Learn a skill for life with our foolproof crêpe recipe that ensures perfect pancakes every time - elaborate flip optional.",
          "image": "flower.jpeg"
        },
        {
          "title": "Dance",
          "type": "cake",
          "price": "100.30",
          "content": "Learn a skill for life with our foolproof crêpe recipe that ensures perfect pancakes every time - elaborate flip optional.",
          "image": "dance.jpg"
        },
        {
          "title": "Ice",
          "type": "cake",
          "price": "100.30",
          "content": "Learn a skill for life with our foolproof crêpe recipe that ensures perfect pancakes every time - elaborate flip optional.",
          "image": "ice.jpg"
        },
        {
          "title": "Long Island",
          "type": "cake",
          "price": "100.30",
          "content": "Learn a skill for life with our foolproof crêpe recipe that ensures perfect pancakes every time - elaborate flip optional.",
          "image": "long_island.jpg"
        },
        {
          "title": "Taiwan",
          "type": "cake",
          "price": "100.30",
          "content": "Learn a skill for life with our foolproof crêpe recipe that ensures perfect pancakes every time - elaborate flip optional.",
          "image": "taiwan.jpg"
        },
        {
          "title": "Cloth",
          "type": "cake",
          "price": "100.30",
          "content": "Learn a skill for life with our foolproof crêpe recipe that ensures perfect pancakes every time - elaborate flip optional.",
          "image": "cloth.jpg"
        },
        {
          "title": "JoJo",
          "type": "cake",
          "price": "100.30",
          "content": "Learn a skill for life with our foolproof crêpe recipe that ensures perfect pancakes every time - elaborate flip optional.",
          "image": "jojo.jpg"
        },
        {
          "title": "hello Kitty",
          "type": "cake",
          "price": "100.30",
          "content": "Learn a skill for life with our foolproof crêpe recipe that ensures perfect pancakes every time - elaborate flip optional.",
          "image": "hello_kitty.jpg"
        },
        {
          "title": "Captain Marvel",
          "type": "cake",
          "price": "100.30",
          "content": "Learn a skill for life with our foolproof crêpe recipe that ensures perfect pancakes every time - elaborate flip optional.",
          "image": "captain_marvel.Jpg"
        },
        {
          "title": "Iron Man",
          "type": "cake",
          "price": "100.30",
          "content": "Learn a skill for life with our foolproof crêpe recipe that ensures perfect pancakes every time - elaborate flip optional.",
          "image": "iron_man.jpg"
        }
      ]
    }
  ]
}