{
  "categories": [
    {
      "title": "客房瑚物",
      "content_type": 1,
      "description": "content type 1 with video/image & title & contents",
      "total": 3,
      "contents": [
        {
          "title": "吸塵",
          "file_type": "image",
          "content": "吸塵器，所指的通常是真空吸塵器，是一種利用氣體幫浦製造部分真空，產生吸力並將地板或其他位置的灰塵吸起的裝置。是多數已開發國家的家庭中所經常擁有的一種日常家電之一，功能是吸塵及紙屑、頭髮、微塵等乾燥的細小物件。",
          "file_name": "vacuum.jpg"
        },
        {
          "title": "床",
          "file_type": "image",
          "content": "IKEA多樣化收納配件與舒適床組，在有限空間內滿足多項需求，輕鬆打造舒適臥房！ 實用功能設計。線上購物不打烊。月月精選卡友價。沙發10年品質保證。刷指定銀行分期0利率。沙發歷年最低價。輕鬆享受平價生活美學。平整包裝方便帶回家。多元風格任意搭配。180天退換貨服務。",
          "file_name": "bed.jpg"
        },
        {
          "title": "清理",
          "file_type": "image",
          "content": "最受用戶信賴的安卓優化軟體，在Google Play上已經被用戶下載超過10億次。幫助用戶徹底清理垃圾檔案，極致解決手機空間不足問題。阻止應用在後臺反復重啟",
          "file_name": "clear.jpg"
        },
        {
          "title": "美麗",
          "file_type": "image",
          "content": "BEAUTY美人誌雜誌_千晶文化事業股份有限公司,雜誌／期刊出版業,千晶文化事業是雜誌出版業的翹楚，旗下擁有BEAUTY美人誌、BEAUTY大美人兩本發行量龐大 ...",
          "file_name": "beauty.jpg"
        }
      ]
    },
    {
      "title": "食物與飲料",
      "content_type": 12,
      "_description": "content type 2 with image and content",
      "total": 2,
      "bottomNote":"Please call the operator “0” to order the items.",
      "contents": [
        {
          "title": "火雞",
          "type": "蛋糕",
          "price": "100.30",
          "content": "辣火雞麵愛好者，可以筆記下來啦！這次新款是核辣和奶油口味的～. 三養推出的「辣火雞麵」，有種令人著魔的味道，即使不太敢吃辣的人",
          "image": "fried_chicken.jpg"
        },
        {
          "title": "貓",
          "type": "蛋糕",
          "price": "100.30",
          "content": "當你呼喊狗的名字時，狗通常會擺動牠的尾巴開心地跑向你。若是主角換成了貓......嗯，情況可能大不相同，這也讓日本的研究人員感到好奇",
          "image": "cat.jpg"
        },
        {
          "title": "車",
          "type": "蛋糕",
          "price": "100.30",
          "content": "第一季悄悄過去，時序轉眼來到四月，台灣汽車市場其實在第一季有不小的變化，除了有包括Ford Focus及TOYOTA Corolla Altis等兩大重點國產車",
          "image": "car.jpg"
        },
        {
          "title": "蒼蠅",
          "type": "蛋糕",
          "price": "100.30",
          "content": "記者楊政郡／台中報導］從事主持、直播工作的王女，常受陳男另類騷擾！2015年告陳妨害自由，事後卻判無罪",
          "image": "fly.jpg"
        },
        {
          "title": "花",
          "type": "蛋糕",
          "price": "100.30",
          "content": "南投林管處經營的奧萬大森林遊樂區內有不少埔里杜鵑本週盛開，林管處表示，埔里杜鵑的花",
          "image": "flower.jpeg"
        },
        {
          "title": "跳舞",
          "type": "蛋糕",
          "price": "100.30",
          "content": "據「國家利益」（nationalinterest.org）網站報導，甲板指導員雖然一邊著跳舞，操作步驟可沒省略。一開始他將手指指向天空，告訴飛行員啟動引擎",
          "image": "dance.jpg"
        },
        {
          "title": "冰",
          "type": "蛋糕",
          "price": "100.30",
          "content": "韓國瑜女兒韓冰：「陪他練習草稿，我不知道有沒有定稿，但是我們有草稿他就先練，他練了第一次之後就非常滿意，跟我說他可以準備好去哈佛了",
          "image": "ice.jpg"
        },
        {
          "title": "長島",
          "type": "蛋糕",
          "price": "100.30",
          "content": "這個福利是州長和MTA為了獲得長島鐵路覆蓋的居民對「交通擁堵費」的支持，所作出的決定，東北皇后區長島鐵路通勤客一年的火車票費用",
          "image": "long_island.jpg"
        },
        {
          "title": "台灣",
          "type": "蛋糕",
          "price": "100.30",
          "content": "南投縣埔里鎮正妹、第9屆台灣小姐冠軍高曼容近期代表台灣赴羅馬尼亞參加「2019Miss onelife國際大賽」，今公布首階段賽果",
          "image": "taiwan.jpg"
        },
        {
          "title": "衣服",
          "type": "蛋糕",
          "price": "100.30",
          "content": "每年大甲媽祖遶境，總會吸引眾多的信徒參加，9天8夜的遶境活動，沿途不是流汗就是淋雨，如果衣服髒了怎麼辦？",
          "image": "cloth.jpg"
        },
        {
          "title": "舅舅",
          "type": "蛋糕",
          "price": "100.30",
          "content": "倒是徐倫我覺得我必須特別講一下，就是有看JOJO彩漫的應該會覺得我上面講的有點怪怪的，因為徐倫的瞳色也不是藍綠色",
          "image": "jojo.jpg"
        },
        {
          "title": "哈囉嘻嘻",
          "type": "蛋糕",
          "price": "100.30",
          "content": "倒是徐倫我覺得我必須特別講一下，就是有看JOJO彩漫的應該會覺得我上面講的有點怪怪的，因為徐倫的瞳色也不是藍綠色",
          "image": "hello_kitty.jpg"
        },
        {
          "title": "經期隊長",
          "type": "蛋糕",
          "price": "100.30",
          "content": "倒是徐倫我覺得我必須特別講一下，就是有看JOJO彩漫的應該會覺得我上面講的有點怪怪的，因為徐倫的瞳色也不是藍綠色",
          "image": "captain_marvel.Jpg"
        },
        {
          "title": "肛舔人",
          "type": "蛋糕",
          "price": "100.30",
          "content": "倒是徐倫我覺得我必須特別講一下，就是有看JOJO彩漫的應該會覺得我上面講的有點怪怪的，因為徐倫的瞳色也不是藍綠色",
          "image": "iron_man.jpg"
        }
      ]
    }
  ]
}