{
  "categories": [
    {
      "title": "語言",
      "type": "1",
      "contents": {
        "content_title": "更換語言",
        "content": [
          {
            "code": "ts",
            "title": "繁體中文"
          },
          {
            "code": "si",
            "title": "簡體中文"
          },
          {
            "code": "en",
            "title": "英文"
          },
          {
            "code": "ko",
            "title": "韓文"
          },
          {
            "code": "ni",
            "title": "Ni文"
          },
          {
            "code": "bb",
            "title": "BB文"
          },
          {
            "code": "cc",
            "title": "CC文"
          },
          {
            "code": "tt",
            "title": "TT文"
          },
          {
            "code": "ii",
            "title": "II文"
          }
        ]
      }
    },
    {
      "title": "User Guide",
      "type": "2",
      "contents": {
        "image": "user_guid.png"
      }
    }
  ]
}