{
  "categories": [
    {
      "title": "Language",
      "type": "1",
      "contents": {
        "content_title": "Change Language",
        "content": [
          {
            "code": "ts",
            "title": "Traditional"
          },
          {
            "code": "si",
            "title": "Simplified"
          },
          {
            "code": "en",
            "title": "English"
          },
          {
            "code": "ko",
            "title": "Korean"
          },
          {
            "code": "ni",
            "title": "Nihon"
          },
          {
            "code": "bb",
            "title": "BB"
          },
          {
            "code": "cc",
            "title": "CC"
          },
          {
            "code": "tt",
            "title": "TT"
          },
          {
            "code": "ii",
            "title": "II"
          }
        ]
      }
    },
    {
      "title": "User Guide",
      "type": "2",
      "contents": {
        "image": "user_guid.png"
      }
    }
  ]
}