{
  "title": "TODAY\nWEATHER",
  "subtitle": "Next 6 Days Forecast",
  "update": "*Last updated",
  "temp_none": "-- °C",
  "note": {
    "back": "Back",
    "home": "Home"
  },
  "categories": [
    {
      "title": "Kuala Lumpur",
      "contents": {
      }
    },
    {
      "title": "London",
      "contents": {
      }
    },
    {
      "title": "Washington",
      "contents": {
      }
    },
    {
      "title": "Dubai",
      "contents": {
      }
    },
    {
      "title": "Tokyo",
      "contents": {
      }
    },
    {
      "title": "Seoul",
      "contents": {
      }
    }
  ]
}